Group,Avg_Rank,Median_Rank,Pct_Top_5,Pct_Top_10,Click_Rate_Top_5_Pct,Click_Rate_Bottom_Half_Pct
Group A,6.175871504701434,5.0,54.804304316440756,81.25749608757855,1.012208445507857,0.02205071664829107
Group B,6.169747795707249,5.0,54.25106274236961,81.5966037010854,0.9798966466905279,0.024521824423737126
