Approach,Accuracy,F1,ROC_AUC,Selection_Rate_A_Pct,Selection_Rate_B_Pct,DIR,Passes_4_5ths,SPD_pp
Baseline (Class Weights),69.28,2.825811893715732,76.88256726065143,32.094493428714024,29.801302387710805,0.9285487697103963,YES,-2.2931910410032175
Combined Reweighing,95.085,5.9330143540669855,76.54764038642257,4.538346364997505,4.585072633160795,1.0102958796894992,YES,0.04672626816329059
Threshold Adjustment,70.32333333333334,2.901079725160868,76.88256726065143,29.895192147729162,29.904825513441306,1.0003222379593528,YES,0.009633365712147235
