Protected_Attribute,Senior_Level,Sample_Size,Positive_Outcomes,Selection_Rate_Pct,DIR_Within_Level
Group A,Non-Senior,191256,1274,0.6661228928765633,0.8227927973312319
Group B,Non-Senior,167311,917,0.54808111839628,0.8227927973312319
Group A,Senior,344857,2636,0.7643747988296599,0.9442965946114384
Group B,Senior,368802,2662,0.7217965195416511,0.9442965946114384
