Approach,Accuracy,F1,ROC_AUC,Selection_Rate_A,Selection_Rate_B,DIR,Passes_4_5ths,SPD,EOD
Baseline (LR + Class Weights),69.28,2.825811893715732,76.88256726065143,32.094493428714024,29.801302387710805,0.9285487697103963,True,-2.2931910410032175,4.8290761214893845
Reweighing,99.33,0.0,75.51999030756615,0.0,0.01335782267490399,0.0,False,0.01335782267490399,0.0
Threshold Adjustment,70.32333333333334,2.901079725160868,76.88256726065143,29.895192147729162,29.904825513441306,1.0003222379593528,True,0.009633365712147235,7.7824374126318485
