Group,Sample Size,Positive Outcomes,Selection Rate (%)
Group A (privileged),536113,3910,0.7293238552320127
Group B (unprivileged),536113,3579,0.6675831401215788
Overall,1072226,7489,0.6984534976767958
